,Date,Close Price,Open Price,High Price,Low Price,Total Traded Quantity,Month,Year,Day_Perc_Change,Trend
0,2019-10-24,139.94,139.14,140.4,138.69,37280000,10,2019,0.0,Slight or No change
1,2019-10-23,137.24,136.88,137.45,135.61,31380000,10,2019,-1.9293983135629467,Negative
2,2019-10-22,136.37,138.97,140.01,136.26,27940000,10,2019,-0.6339259691052201,Slight negative
3,2019-10-21,138.43,138.45,138.5,137.01,20720000,10,2019,1.5105961721786354,Positive
4,2019-10-18,137.41,139.76,140.0,136.56,32280000,10,2019,-0.7368345011919408,Slight negative
5,2019-10-17,139.69,140.95,141.42,139.02,22100000,10,2019,1.6592678844334463,Positive
6,2019-10-16,140.41,140.79,140.99,139.53,20840000,10,2019,0.5154270169661412,Slight positive
7,2019-10-15,141.57,140.06,141.79,139.81,19920000,10,2019,0.8261519834769526,Slight positive
8,2019-10-14,139.55,139.69,140.29,139.52,13590000,10,2019,-1.4268559723105034,Negative
9,2019-10-11,139.68,140.12,141.03,139.5,25550000,10,2019,0.09315657470441163,Slight or No change
10,2019-10-10,139.1,138.49,139.67,138.25,18400000,10,2019,-0.4152348224513269,Slight or No change
11,2019-10-09,138.24,137.46,138.7,136.97,20180000,10,2019,-0.6182602444284591,Slight negative
12,2019-10-08,135.67,137.08,137.76,135.62,26780000,10,2019,-1.8590856481481621,Negative
13,2019-10-07,137.12,137.14,138.18,137.02,16600000,10,2019,1.0687698090956044,Positive
14,2019-10-04,138.12,136.75,138.25,136.42,23840000,10,2019,0.7292882147024393,Slight positive
15,2019-10-03,136.28,134.95,136.75,133.22,26380000,10,2019,-1.3321749203591082,Negative
16,2019-10-02,134.65,136.25,136.37,133.58,32000000,10,2019,-1.1960669210449026,Negative
17,2019-10-01,137.07,139.66,140.25,137.0,22580000,10,2019,1.7972521351652393,Positive
18,2019-09-30,139.03,138.05,139.22,137.78,18430000,9,2019,1.4299263150215236,Positive
19,2019-09-27,137.73,140.15,140.36,136.65,22500000,9,2019,-0.9350499892109676,Slight negative
20,2019-09-26,139.54,139.44,140.18,138.44,17810000,9,2019,1.3141653960647703,Positive
21,2019-09-25,139.36,137.5,139.96,136.03,22540000,9,2019,-0.1289952701734154,Slight or No change
22,2019-09-24,137.38,140.36,140.69,136.88,30020000,9,2019,-1.4207807118254978,Negative
23,2019-09-23,139.14,139.23,139.63,138.44,17410000,9,2019,1.2811180666763677,Positive
24,2019-09-20,139.44,141.01,141.65,138.25,40040000,9,2019,0.21561017680036265,Slight or No change
25,2019-09-19,141.07,140.3,142.37,140.07,36100000,9,2019,1.1689615605278147,Positive
26,2019-09-18,138.52,137.36,138.67,136.53,24470000,9,2019,-1.8076132416530721,Negative
27,2019-09-17,137.39,136.96,137.52,136.43,17980000,9,2019,-0.8157666762922511,Slight negative
28,2019-09-16,136.33,135.83,136.7,135.66,16730000,9,2019,-0.7715263119586369,Slight negative
29,2019-09-13,137.32,137.78,138.06,136.57,23360000,9,2019,0.7261791241839566,Slight positive
30,2019-09-12,137.52,137.85,138.42,136.87,27010000,9,2019,0.14564520827267113,Slight or No change
31,2019-09-11,136.12,135.91,136.27,135.09,24730000,9,2019,-1.018033740546831,Negative
32,2019-09-10,136.08,136.8,136.89,134.51,28900000,9,2019,-0.029385836027029377,Slight or No change
33,2019-09-09,137.52,139.59,139.75,136.46,25770000,9,2019,1.058201058201047,Positive
34,2019-09-06,139.1,140.03,140.18,138.2,20820000,9,2019,1.148923792902834,Positive
35,2019-09-05,140.05,139.11,140.38,138.76,26120000,9,2019,0.6829618979151908,Slight positive
36,2019-09-04,137.63,137.3,137.69,136.48,18020000,9,2019,-1.7279543020349952,Negative
37,2019-09-03,136.04,136.61,137.2,135.7,18880000,9,2019,-1.1552713797863823,Negative
38,2019-08-30,137.86,139.15,139.18,136.27,23950000,8,2019,1.337841811231999,Positive
39,2019-08-29,138.12,137.25,138.44,136.91,20180000,8,2019,0.18859712752066216,Slight or No change
40,2019-08-28,135.56,134.88,135.76,133.55,17410000,8,2019,-1.8534607587604945,Negative
41,2019-08-27,135.74,136.39,136.72,134.66,23120000,8,2019,0.13278253172026577,Slight or No change
42,2019-08-26,135.45,134.99,135.56,133.9,20330000,8,2019,-0.21364373066157238,Slight or No change
43,2019-08-23,133.39,137.19,138.35,132.8,38520000,8,2019,-1.520856404577342,Negative
44,2019-08-22,137.78,138.66,139.2,136.29,18710000,8,2019,3.2911012819551777,Among top gainers
45,2019-08-21,138.79,138.55,139.49,138.0,14980000,8,2019,0.7330526926984993,Slight positive
46,2019-08-20,137.26,138.21,138.71,137.24,21190000,8,2019,-1.102384898047415,Negative
47,2019-08-19,138.41,137.85,138.55,136.88,24370000,8,2019,0.8378260236048485,Slight positive
48,2019-08-16,136.13,134.88,136.46,134.72,25030000,8,2019,-1.6472798208222006,Negative
49,2019-08-15,133.68,134.39,134.58,132.25,28130000,8,2019,-1.7997502387423703,Negative
50,2019-08-14,133.98,136.36,136.92,133.67,32530000,8,2019,0.2244165170556478,Slight or No change
51,2019-08-13,138.6,136.05,138.8,135.0,25500000,8,2019,3.4482758620689724,Among top gainers
52,2019-08-12,135.79,137.07,137.86,135.24,20480000,8,2019,-2.0274170274170333,Negative
53,2019-08-09,137.71,138.61,139.38,136.46,23470000,8,2019,1.4139480079534694,Positive
54,2019-08-08,138.89,136.6,138.99,135.93,27500000,8,2019,0.8568731392055717,Slight positive
55,2019-08-07,135.28,133.79,135.65,131.83,33409999,8,2019,-2.5991792065663377,Negative
56,2019-08-06,134.69,133.8,135.68,133.21,32700000,8,2019,-0.4361324659964527,Slight or No change
57,2019-08-05,132.21,133.3,133.93,130.78,42750000,8,2019,-1.8412651273294167,Negative
58,2019-08-02,136.9,138.09,138.32,135.26,30790000,8,2019,3.547386733227431,Among top gainers
59,2019-08-01,138.06,137.0,140.94,136.93,40560000,8,2019,0.8473338203067948,Slight positive
60,2019-07-31,136.27,140.33,140.49,135.08,38600000,7,2019,-1.2965377372156972,Negative
61,2019-07-30,140.35,140.14,141.22,139.8,16850000,7,2019,2.994055918397298,Positive
62,2019-07-29,141.03,141.5,141.51,139.37,16610000,7,2019,0.4845030281439344,Slight or No change
63,2019-07-26,141.34,140.37,141.68,140.3,19040000,7,2019,0.21981138764801678,Slight or No change
64,2019-07-25,140.19,140.43,140.61,139.32,18360000,7,2019,-0.8136408659968897,Slight negative
65,2019-07-24,140.72,138.9,140.74,138.85,20740000,7,2019,0.37805834938298144,Slight or No change
66,2019-07-23,139.29,139.76,139.99,138.03,18030000,7,2019,-1.0162023877202997,Negative
67,2019-07-22,138.43,137.41,139.19,137.33,25080000,7,2019,-0.6174168999928065,Slight negative
68,2019-07-19,136.62,140.22,140.67,136.45,48990000,7,2019,-1.3075200462327574,Negative
69,2019-07-18,136.42,135.55,136.62,134.67,30810000,7,2019,-0.1463914507392916,Slight or No change
70,2019-07-17,136.27,137.7,137.93,136.22,20210000,7,2019,-0.10995455211844085,Slight or No change
71,2019-07-16,137.08,138.96,139.05,136.52,22730000,7,2019,0.5944081602700546,Slight positive
72,2019-07-15,138.9,139.44,139.54,138.46,16649999,7,2019,1.3276918587685982,Positive
73,2019-07-12,138.9,138.85,139.13,138.01,18940000,7,2019,0.0,Slight or No change
74,2019-07-11,138.4,138.2,139.22,137.87,22330000,7,2019,-0.3599712023038104,Slight or No change
75,2019-07-10,137.85,137.13,138.58,137.02,24200000,7,2019,-0.39739884393064084,Slight or No change
76,2019-07-09,136.46,136.0,136.97,135.8,19950000,7,2019,-1.0083424011606668,Negative
77,2019-07-08,136.96,136.4,137.1,135.37,16780000,7,2019,0.36640773853142683,Slight or No change
78,2019-07-05,137.06,135.94,137.33,135.72,18140000,7,2019,0.07301401869157509,Slight or No change
79,2019-07-03,137.46,136.8,137.74,136.29,13630000,7,2019,0.2918429884722018,Slight or No change
80,2019-07-02,136.58,136.12,136.59,135.34,15240000,7,2019,-0.640186235995921,Slight negative
81,2019-07-01,135.68,136.63,136.7,134.97,22650000,7,2019,-0.6589544589251761,Slight negative
82,2019-06-28,133.96,134.57,134.6,133.16,30040000,6,2019,-1.2676886792452824,Negative
83,2019-06-27,134.15,134.14,134.71,133.51,16559999,6,2019,0.14183338309943228,Slight or No change
84,2019-06-26,133.93,134.35,135.74,133.6,23660000,6,2019,-0.16399552739471135,Slight or No change
85,2019-06-25,133.43,137.25,137.59,132.73,33330000,6,2019,-0.373329351153584,Slight or No change
86,2019-06-24,137.78,137.0,138.4,137.0,20630000,6,2019,3.2601364011091816,Among top gainers
87,2019-06-21,136.97,136.58,137.73,136.46,36730000,6,2019,-0.5878937436492926,Slight negative
88,2019-06-20,136.95,137.45,137.66,135.72,33040000,6,2019,-0.01460173760677863,Slight or No change
89,2019-06-19,135.69,135.0,135.93,133.81,23740000,6,2019,-0.9200438116100718,Slight negative
90,2019-06-18,135.16,134.19,135.24,133.57,25930000,6,2019,-0.39059621195371985,Slight or No change
91,2019-06-17,132.85,132.63,133.73,132.53,14520000,6,2019,-1.7090855282627992,Negative
92,2019-06-14,132.45,132.26,133.79,131.64,17820000,6,2019,-0.30109145652992275,Slight or No change
93,2019-06-13,132.32,131.98,132.67,131.56,17200000,6,2019,-0.09815024537560557,Slight or No change
94,2019-06-12,131.49,131.4,131.97,130.71,17090000,6,2019,-0.6272672309552529,Slight negative
95,2019-06-11,132.1,133.88,134.24,131.28,23910000,6,2019,0.46391360559736583,Slight or No change
96,2019-06-10,132.6,132.4,134.08,132.0,26480000,6,2019,0.37850113550341735,Slight or No change
97,2019-06-07,131.4,129.19,132.25,128.26,33890000,6,2019,-0.9049773755656076,Slight negative
98,2019-06-06,127.82,126.44,127.97,125.6,21460000,6,2019,-2.7245053272450637,Negative
99,2019-06-05,125.83,124.95,125.87,124.21,24930000,6,2019,-1.5568768580816683,Negative
100,2019-06-04,123.16,121.28,123.28,120.65,29380000,6,2019,-2.1219105141858097,Negative
101,2019-06-03,119.84,123.85,124.37,119.01,37980000,6,2019,-2.6956804157193814,Negative
102,2019-05-31,123.68,124.23,124.61,123.32,26650000,5,2019,3.204272363150862,Among top gainers
103,2019-05-30,125.73,125.26,125.76,124.78,16830000,5,2019,1.6575032341526574,Positive
104,2019-05-29,124.94,125.38,125.39,124.04,22760000,5,2019,-0.6283305495903946,Slight negative
105,2019-05-28,126.16,126.98,128.0,126.05,23130000,5,2019,0.9764687049783838,Slight positive
106,2019-05-24,126.24,126.91,127.42,125.97,14120000,5,2019,0.06341154090043766,Slight or No change
107,2019-05-23,126.18,126.2,126.29,124.74,23600000,5,2019,-0.0475285171102513,Slight or No change
108,2019-05-22,127.67,126.62,128.24,126.52,15400000,5,2019,1.1808527500396293,Positive
109,2019-05-21,126.9,127.43,127.53,126.58,15290000,5,2019,-0.6031174120780136,Slight negative
110,2019-05-20,126.22,126.52,127.59,125.76,23710000,5,2019,-0.5358550039401111,Slight negative
111,2019-05-17,128.07,128.31,130.46,127.92,25770000,5,2019,1.4656948185707508,Positive
112,2019-05-16,128.93,126.75,129.38,126.46,30110000,5,2019,0.6715077691887394,Slight positive
113,2019-05-15,126.02,124.26,126.71,123.7,24720000,5,2019,-2.257038703172276,Negative
114,2019-05-14,124.73,123.87,125.88,123.7,25270000,5,2019,-1.0236470401523534,Negative
115,2019-05-13,123.35,124.11,125.55,123.04,33940000,5,2019,-1.1063898019722629,Negative
116,2019-05-10,127.13,124.91,127.93,123.82,30920000,5,2019,3.064450749898673,Among top gainers
117,2019-05-09,125.5,124.29,125.79,123.57,27240000,5,2019,-1.2821521277432524,Negative
118,2019-05-08,125.51,125.44,126.37,124.75,28420000,5,2019,0.007968127490043386,Slight or No change
119,2019-05-07,125.52,126.46,127.18,124.22,36020000,5,2019,0.007967492630056583,Slight or No change
120,2019-05-06,128.15,126.39,128.56,126.11,24240000,5,2019,2.0952836201402203,Positive
121,2019-05-03,128.9,127.36,129.43,127.25,24910000,5,2019,0.5852516582130374,Slight positive
122,2019-05-02,126.21,127.98,128.0,125.52,27350000,5,2019,-2.0868890612878332,Negative
123,2019-05-01,127.88,130.53,130.65,127.7,26820000,5,2019,1.3231915062198008,Positive
124,2019-04-30,130.6,129.81,130.7,129.39,24170000,4,2019,2.1269940569283774,Positive
125,2019-04-29,129.77,129.9,130.18,129.35,16320000,4,2019,-0.6355283307809989,Slight negative
126,2019-04-26,129.89,129.7,130.52,129.02,23650000,4,2019,0.09247129536871235,Slight or No change
127,2019-04-25,129.15,130.06,131.37,128.83,38030000,4,2019,-0.5697128339363977,Slight negative
128,2019-04-24,125.01,125.79,125.85,124.52,31260000,4,2019,-3.205574912891984,Among top losers
129,2019-04-23,125.44,124.1,125.58,123.83,24030000,4,2019,0.34397248220141563,Slight or No change
130,2019-04-22,123.76,122.62,124.0,122.57,15650000,4,2019,-1.3392857142857095,Negative
131,2019-04-18,123.37,122.19,123.52,121.3,27990000,4,2019,-0.31512605042016695,Slight or No change
132,2019-04-17,121.77,121.24,121.85,120.54,19300000,4,2019,-1.2969117289454601,Negative
133,2019-04-16,120.77,121.64,121.65,120.1,14070000,4,2019,-0.8212203334154511,Slight negative
134,2019-04-15,121.05,120.94,121.58,120.57,15790000,4,2019,0.23184565703402438,Slight or No change
135,2019-04-12,120.95,120.64,120.98,120.37,19750000,4,2019,-0.08261049153241995,Slight or No change
136,2019-04-11,120.33,120.54,120.85,119.92,14210000,4,2019,-0.512608515915669,Slight negative
137,2019-04-10,120.19,119.76,120.35,119.54,16480000,4,2019,-0.11634671320535084,Slight or No change
138,2019-04-09,119.28,118.63,119.54,118.58,17610000,4,2019,-0.7571345369831062,Slight negative
139,2019-04-08,119.93,119.81,120.02,118.64,15120000,4,2019,0.54493628437291,Slight positive
140,2019-04-05,119.89,119.39,120.23,119.37,15830000,4,2019,-0.033352789126994686,Slight or No change
141,2019-04-04,119.36,120.1,120.23,118.38,20110000,4,2019,-0.44207189924097,Slight or No change
142,2019-04-03,119.97,119.86,120.43,119.15,22860000,4,2019,0.5110589812332478,Slight positive
143,2019-04-02,119.19,119.06,119.48,118.52,18140000,4,2019,-0.6501625406351574,Slight negative
144,2019-04-01,119.02,118.95,119.11,118.1,22790000,4,2019,-0.14262941521939743,Slight or No change
145,2019-03-29,117.94,118.07,118.32,116.96,25400000,3,2019,-0.9074105192404591,Slight negative
146,2019-03-28,116.93,117.44,117.58,116.13,18330000,3,2019,-0.8563676445650259,Slight negative
147,2019-03-27,116.77,117.88,118.21,115.52,22730000,3,2019,-0.13683400324981942,Slight or No change
148,2019-03-26,117.91,118.62,118.7,116.85,26100000,3,2019,0.976278153635346,Slight positive
149,2019-03-25,117.66,116.56,118.01,116.32,27070000,3,2019,-0.21202612161818069,Slight or No change
150,2019-03-22,117.05,119.5,119.59,117.04,33620000,3,2019,-0.5184429712731586,Slight negative
151,2019-03-21,120.22,117.14,120.82,117.09,29850000,3,2019,2.708244340025634,Positive
152,2019-03-20,117.52,117.39,118.75,116.71,28110000,3,2019,-2.2458825486607936,Negative
153,2019-03-19,117.65,118.09,118.44,116.99,37590000,3,2019,0.11061946902655162,Slight or No change
154,2019-03-18,117.57,116.17,117.61,116.05,31210000,3,2019,-0.0679983000425044,Slight or No change
155,2019-03-15,115.91,115.34,117.25,114.59,54630000,3,2019,-1.4119248107510418,Negative
156,2019-03-14,114.59,114.54,115.2,114.33,30760000,3,2019,-1.138814597532567,Negative
157,2019-03-13,114.5,114.13,115.0,113.78,35510000,3,2019,-0.07854088489397393,Slight or No change
158,2019-03-12,113.62,112.82,113.99,112.65,26130000,3,2019,-0.7685589519650593,Slight negative
159,2019-03-11,112.83,110.99,112.95,110.98,26490000,3,2019,-0.6953001232177458,Slight negative
160,2019-03-08,110.51,109.16,110.71,108.8,22820000,3,2019,-2.05619072941593,Negative
161,2019-03-07,110.39,111.4,111.55,109.86,25340000,3,2019,-0.10858745814859017,Slight or No change
162,2019-03-06,111.75,111.87,112.66,111.43,17690000,3,2019,1.231995651780049,Positive
163,2019-03-05,111.7,112.25,112.39,111.23,19540000,3,2019,-0.04474272930649059,Slight or No change
164,2019-03-04,112.26,113.02,113.25,110.8,26610000,3,2019,0.5013428827215671,Slight positive
165,2019-03-01,112.53,112.89,113.02,111.67,23500000,3,2019,0.24051309460182413,Slight or No change
166,2019-02-28,112.03,112.04,112.88,111.73,29080000,2,2019,-0.4443259575224401,Slight or No change
167,2019-02-27,112.17,111.69,112.36,110.88,21490000,2,2019,0.124966526823167,Slight or No change
168,2019-02-26,112.36,111.26,113.24,111.17,21540000,2,2019,0.16938575376659326,Slight or No change
169,2019-02-25,111.59,111.76,112.18,111.26,23750000,2,2019,-0.6852972588109574,Slight negative
170,2019-02-22,110.97,110.05,111.2,109.82,27760000,2,2019,-0.5556053409803807,Slight negative
171,2019-02-21,109.41,106.9,109.48,106.87,29060000,2,2019,-1.4057853473911863,Negative
172,2019-02-20,107.15,107.86,107.94,106.29,21610000,2,2019,-2.065624714377101,Negative
173,2019-02-19,108.17,107.79,108.66,107.78,18040000,2,2019,0.9519365375641575,Slight positive
174,2019-02-15,108.22,107.91,108.3,107.36,26610000,2,2019,0.04622353702505855,Slight or No change
175,2019-02-14,106.9,106.31,107.29,105.66,21780000,2,2019,-1.2197375716133774,Negative
176,2019-02-13,106.81,107.5,107.78,106.71,18390000,2,2019,-0.08419083255378768,Slight or No change
177,2019-02-12,106.89,106.14,107.14,105.48,25060000,2,2019,0.07489935399307424,Slight or No change
178,2019-02-11,105.25,106.2,106.58,104.97,18910000,2,2019,-1.5342875853681326,Negative
179,2019-02-08,105.67,104.39,105.78,104.26,21460000,2,2019,0.3990498812351584,Slight or No change
180,2019-02-07,105.27,105.19,105.59,104.29,29760000,2,2019,-0.37853695467020554,Slight or No change
181,2019-02-06,106.03,107.0,107.0,105.53,20610000,2,2019,0.7219530730502521,Slight positive
182,2019-02-05,107.22,106.06,107.27,105.96,27330000,2,2019,1.1223238706026484,Positive
183,2019-02-04,105.74,102.87,105.8,102.77,31320000,2,2019,-1.3803394889013276,Negative
184,2019-02-01,102.78,103.78,104.1,102.35,35540000,2,2019,-2.7993190845469917,Negative
185,2019-01-31,104.43,103.8,105.22,103.18,55640000,1,2019,1.6053706946876911,Positive
186,2019-01-30,106.38,104.62,106.38,104.33,49470000,1,2019,1.8672795173800605,Positive
187,2019-01-29,102.94,104.88,104.97,102.17,31490000,1,2019,-3.2336905433352103,Among top losers
188,2019-01-28,105.08,106.26,106.48,104.66,29480000,1,2019,2.0788809014960163,Positive
189,2019-01-25,107.17,107.24,107.88,106.59,31220000,1,2019,1.9889607917777052,Positive
190,2019-01-24,106.2,106.86,107.0,105.34,23160000,1,2019,-0.9051040403097899,Slight negative
191,2019-01-23,106.71,106.12,107.04,105.34,25870000,1,2019,0.48022598870056665,Slight or No change
192,2019-01-22,105.68,106.75,107.1,104.86,32369999,1,2019,-0.9652328741448613,Slight negative
193,2019-01-18,107.71,107.46,107.9,105.91,37430000,1,2019,1.9208932626797681,Positive
194,2019-01-17,106.12,105.0,106.62,104.76,28390000,1,2019,-1.4761860551480765,Negative
195,2019-01-16,105.38,105.26,106.25,104.96,29850000,1,2019,-0.697323784395032,Slight negative
196,2019-01-15,105.01,102.51,105.05,101.88,31590000,1,2019,-0.35111026760294983,Slight or No change
197,2019-01-14,102.05,101.9,102.87,101.26,28440000,1,2019,-2.8187791638891624,Negative
198,2019-01-11,102.8,103.19,103.44,101.64,28310000,1,2019,0.7349338559529572,Slight positive
199,2019-01-10,103.6,103.22,103.75,102.38,30070000,1,2019,0.7782101167315147,Slight positive
200,2019-01-09,104.27,103.86,104.88,103.24,32280000,1,2019,0.6467181467181504,Slight positive
201,2019-01-08,102.8,103.04,103.97,101.71,31510000,1,2019,-1.40980147693488,Negative
202,2019-01-07,102.06,101.64,103.27,100.98,35660000,1,2019,-0.7198443579766511,Slight negative
203,2019-01-04,101.93,99.72,102.51,98.93,44060000,1,2019,-0.1273760533019752,Slight or No change
204,2019-01-03,97.4,100.1,100.19,97.2,42580000,1,2019,-4.4442264299028755,Among top losers
205,2019-01-02,101.12,99.55,101.75,98.94,35330000,1,2019,3.8193018480492835,Among top gainers
206,2018-12-31,101.57,101.29,102.4,100.44,33170000,12,2018,0.4450158227848,Slight or No change
207,2018-12-28,100.39,102.09,102.41,99.52,38170000,12,2018,-1.1617603623117034,Negative
208,2018-12-27,101.18,99.3,101.19,96.4,49500000,12,2018,0.7869309692200455,Slight positive
209,2018-12-26,100.56,95.14,100.69,93.96,51630000,12,2018,-0.6127693220003949,Slight negative
210,2018-12-24,94.13,97.68,97.97,93.98,43940000,12,2018,-6.394192521877495,Among top losers
211,2018-12-21,98.23,101.63,103.0,97.46,111240000,12,2018,4.355678317220879,Among top gainers
212,2018-12-20,101.51,103.05,104.31,98.78,70330000,12,2018,3.3391021072991967,Among top gainers
213,2018-12-19,103.69,103.65,106.88,101.35,68200000,12,2018,2.1475716678159618,Positive
214,2018-12-18,103.97,103.75,104.51,102.52,49320000,12,2018,0.2700356832867179,Slight or No change
215,2018-12-17,102.89,105.41,105.8,101.71,56960000,12,2018,-1.0387611811099373,Negative
216,2018-12-14,106.03,108.25,109.26,105.5,47040000,12,2018,3.0518028962970067,Among top gainers
217,2018-12-13,109.45,109.58,110.87,108.63,31330000,12,2018,3.2255022163538705,Among top gainers
218,2018-12-12,109.08,110.89,111.27,109.04,36180000,12,2018,-0.3380539058931098,Slight or No change
219,2018-12-11,108.59,109.8,110.95,107.44,42380000,12,2018,-0.4492115878254488,Slight or No change
220,2018-12-10,107.59,104.8,107.98,103.89,40800000,12,2018,-0.9208951100469709,Slight negative
221,2018-12-07,104.82,108.38,109.45,104.3,45040000,12,2018,-2.574588716423465,Negative
222,2018-12-06,109.19,105.82,109.24,105.0,49110000,12,2018,4.169051707689375,Among top gainers
223,2018-12-04,108.52,111.94,112.64,108.21,45200000,12,2018,-0.6136093048814018,Slight negative
224,2018-12-03,112.09,113.0,113.42,110.73,34730000,12,2018,3.289716181349056,Among top gainers
225,2018-11-30,110.89,110.7,110.97,109.36,33670000,11,2018,-1.0705682933357163,Negative
226,2018-11-29,110.19,110.33,111.11,109.03,28120000,11,2018,-0.631256199837682,Slight negative
227,2018-11-28,111.12,107.89,111.33,107.86,46790000,11,2018,0.843996732915886,Slight positive
228,2018-11-27,107.14,106.27,107.33,105.36,29120000,11,2018,-3.581713462922964,Among top losers
229,2018-11-26,106.47,104.79,106.63,104.58,32340000,11,2018,-0.6253500093335806,Slight negative
230,2018-11-23,103.07,102.17,103.81,102.0,13820000,11,2018,-3.19338780877243,Among top losers
231,2018-11-21,103.11,103.6,104.43,102.24,28130000,11,2018,0.03880857669544824,Slight or No change
232,2018-11-20,101.71,101.8,102.97,99.35,64050000,11,2018,-1.357773251866945,Negative
233,2018-11-19,104.62,108.27,108.56,103.55,44770000,11,2018,2.8610756071182797,Positive
234,2018-11-16,108.29,107.08,108.88,106.8,33500000,11,2018,3.507933473523228,Among top gainers
235,2018-11-15,107.28,104.99,107.8,103.91,38510000,11,2018,-0.9326807646135471,Slight negative
236,2018-11-14,104.97,108.1,108.26,104.47,39500000,11,2018,-2.1532438478747196,Negative
237,2018-11-13,106.94,107.55,108.74,106.64,35370000,11,2018,1.8767266838144225,Positive
238,2018-11-12,106.87,109.42,109.96,106.1,33620000,11,2018,-0.06545726575649669,Slight or No change
239,2018-11-09,109.57,110.85,111.45,108.76,32040000,11,2018,2.5264339852156814,Positive
240,2018-11-08,111.75,111.8,112.21,110.91,25640000,11,2018,1.9895956922515445,Positive
241,2018-11-07,111.96,109.44,112.24,109.4,37900000,11,2018,0.18791946308724938,Slight or No change
242,2018-11-06,107.72,107.38,108.84,106.28,24340000,11,2018,-3.787066809574846,Among top losers
243,2018-11-05,107.51,106.37,107.74,105.9,27920000,11,2018,-0.1949498700334118,Slight or No change
244,2018-11-02,106.16,106.48,107.32,104.97,37680000,11,2018,-1.255697144451684,Negative
245,2018-11-01,105.92,107.05,107.32,105.53,33380000,11,2018,-0.22607385079125297,Slight or No change
246,2018-10-31,106.81,105.44,108.14,105.39,51060000,10,2018,0.8402567975830832,Slight positive
247,2018-10-30,103.73,103.66,104.38,100.11,65349999,10,2018,-2.883625128733258,Negative
248,2018-10-29,103.85,108.11,108.7,101.63,55160000,10,2018,0.11568495131590861,Slight or No change
249,2018-10-26,106.96,105.69,108.75,104.76,55520000,10,2018,2.9947038998555664,Positive
250,2018-10-25,108.3,106.55,109.27,106.15,61650000,10,2018,1.2528047868362036,Positive
251,2018-10-24,102.32,108.41,108.49,101.59,63900000,10,2018,-5.521698984302869,Among top losers
252,2018-10-23,108.1,107.77,108.97,105.11,43770000,10,2018,5.648944487881158,Among top gainers
253,2018-10-22,109.63,109.32,110.54,108.24,26550000,10,2018,1.4153561517113777,Positive
254,2018-10-19,108.66,108.93,110.86,108.21,32790000,10,2018,-0.8847943081273346,Slight negative
255,2018-10-18,108.5,110.1,110.53,107.83,32509999,10,2018,-0.1472482974415601,Slight or No change
256,2018-10-17,110.71,111.68,111.81,109.55,26550000,10,2018,2.0368663594469982,Positive
257,2018-10-16,111.0,109.54,111.41,108.95,31610000,10,2018,0.26194562370156493,Slight or No change
258,2018-10-15,107.6,108.91,109.48,106.95,32070000,10,2018,-3.063063063063065,Among top losers
259,2018-10-12,109.57,109.01,111.24,107.12,47740000,10,2018,1.8308550185873518,Positive
260,2018-10-11,105.91,105.35,108.93,104.2,63900000,10,2018,-3.3403303824039443,Among top losers
261,2018-10-10,106.16,111.24,111.5,105.79,61380000,10,2018,0.23604947597015702,Slight or No change
262,2018-10-09,112.26,111.14,113.08,110.8,26200000,10,2018,5.746043707611159,Among top gainers
263,2018-10-08,110.85,111.66,112.03,109.34,29640000,10,2018,-1.2560128273650495,Negative
264,2018-10-05,112.13,112.63,113.17,110.64,29070000,10,2018,1.1547135769057304,Positive
265,2018-10-04,112.79,114.61,114.76,111.63,34820000,10,2018,0.5886025149380192,Slight positive
266,2018-10-03,115.17,115.42,116.18,114.93,16649999,10,2018,2.110116145048324,Positive
267,2018-10-02,115.15,115.3,115.84,114.44,20790000,10,2018,-0.017365633411470238,Slight or No change
268,2018-10-01,115.61,114.75,115.68,114.73,18880000,10,2018,0.39947894051237665,Slight or No change
269,2018-09-28,114.37,114.19,114.57,113.68,21650000,9,2018,-1.0725715768532096,Negative
270,2018-09-27,114.41,114.78,114.91,114.2,19090000,9,2018,0.034974206522675466,Slight or No change
271,2018-09-26,113.98,114.47,115.06,113.74,19350000,9,2018,-0.37584127261602873,Slight or No change
272,2018-09-25,114.45,114.8,115.1,113.75,22670000,9,2018,0.412353044393754,Slight or No change
273,2018-09-24,114.67,113.03,114.9,112.22,27330000,9,2018,0.1922236784622111,Slight or No change
274,2018-09-21,114.26,114.0,115.29,113.51,71230000,9,2018,-0.35754774570506687,Slight or No change
275,2018-09-20,113.57,112.28,113.8,111.93,23710000,9,2018,-0.6038858743217301,Slight negative
276,2018-09-19,111.7,113.05,113.32,111.03,21730000,9,2018,-1.6465615919696974,Negative
277,2018-09-18,113.21,112.19,113.69,111.72,22170000,9,2018,1.3518352730528038,Positive
278,2018-09-17,112.14,113.69,113.7,111.86,20740000,9,2018,-0.9451461884992463,Slight negative
279,2018-09-14,113.37,113.36,113.73,112.44,19120000,9,2018,1.0968432316746934,Positive
280,2018-09-13,112.91,112.12,113.72,112.12,26060000,9,2018,-0.4057510805327791,Slight or No change
281,2018-09-12,111.71,111.43,111.85,110.51,18890000,9,2018,-1.0627933752546337,Negative
282,2018-09-11,111.24,108.9,111.59,108.89,24300000,9,2018,-0.4207322531554869,Slight or No change
283,2018-09-10,109.38,108.84,109.64,108.36,20730000,9,2018,-1.6720604099244918,Negative
284,2018-09-07,108.21,108.23,108.72,107.23,22500000,9,2018,-1.0696653867251826,Negative
285,2018-09-06,108.74,108.25,108.99,107.51,23480000,9,2018,0.48978837445707857,Slight or No change
286,2018-09-05,108.49,111.01,111.42,108.1,32869999,9,2018,-0.22990619827110148,Slight or No change
287,2018-09-04,111.71,110.85,111.95,110.22,22630000,9,2018,2.968015485298192,Positive
288,2018-08-31,112.33,111.69,112.78,111.52,23220000,8,2018,0.5550085041625685,Slight positive
289,2018-08-30,111.95,111.67,112.61,111.44,22800000,8,2018,-0.33828896999910096,Slight or No change
290,2018-08-29,112.02,110.45,112.03,110.27,20820000,8,2018,0.06252791424743442,Slight or No change
291,2018-08-28,110.26,109.94,110.5,109.79,19150000,8,2018,-1.5711480092840513,Negative
292,2018-08-27,109.6,109.27,109.64,108.51,19660000,8,2018,-0.5985851623435567,Slight negative
293,2018-08-24,108.4,107.67,108.56,107.56,17230000,8,2018,-1.0948905109488982,Negative
294,2018-08-23,107.56,107.15,108.18,106.87,18170000,8,2018,-0.7749077490774914,Slight negative
295,2018-08-22,107.06,105.85,107.34,105.78,18000000,8,2018,-0.46485682409818097,Slight or No change
296,2018-08-21,105.98,106.92,107.35,105.85,22880000,8,2018,-1.0087801232953497,Negative
297,2018-08-20,106.87,107.51,107.9,106.48,17910000,8,2018,0.8397810907718517,Slight positive
298,2018-08-17,107.58,107.36,107.9,106.69,18060000,8,2018,0.6643585664826368,Slight positive
299,2018-08-16,107.64,108.3,108.86,107.3,21380000,8,2018,0.0557724484104849,Slight or No change
300,2018-08-15,107.66,108.49,108.98,106.82,29980000,8,2018,0.018580453363048477,Slight or No change
301,2018-08-14,109.56,108.56,109.75,108.04,16790000,8,2018,1.7648151588333771,Positive
302,2018-08-13,108.21,109.24,109.58,108.1,18470000,8,2018,-1.232201533406363,Negative
303,2018-08-10,109.0,109.42,109.69,108.38,18180000,8,2018,0.7300619166435762,Slight positive
304,2018-08-09,109.67,109.71,110.16,109.6,13680000,8,2018,0.6146788990825769,Slight positive
305,2018-08-08,109.49,109.33,109.75,108.76,15490000,8,2018,-0.16412874988602777,Slight or No change
306,2018-08-07,108.88,108.56,109.1,108.17,16079999,8,2018,-0.5571285048862951,Slight negative
307,2018-08-06,108.13,108.12,108.42,107.56,20270000,8,2018,-0.6888317413666467,Slight negative
308,2018-08-03,108.04,107.8,108.05,106.82,18660000,8,2018,-0.08323314528806414,Slight or No change
309,2018-08-02,107.57,105.4,108.09,104.84,26100000,8,2018,-0.4350240651610604,Slight or No change
310,2018-08-01,106.28,106.03,106.45,105.42,23630000,8,2018,-1.19921911313563,Negative
311,2018-07-31,106.08,106.49,106.72,105.38,27660000,7,2018,-0.18818216033120727,Slight or No change
312,2018-07-30,105.37,107.19,107.53,104.76,34670000,7,2018,-0.669306184012064,Slight negative
313,2018-07-27,107.68,110.18,110.18,106.14,37010000,7,2018,2.1922748410363457,Positive
314,2018-07-26,109.62,110.74,111.0,109.5,31370000,7,2018,1.8016344725111377,Positive
315,2018-07-25,110.83,107.95,111.15,107.6,30800000,7,2018,1.1038131727786782,Positive
316,2018-07-24,107.66,108.57,108.82,107.26,26320000,7,2018,-2.860236398087157,Negative
317,2018-07-23,107.97,106.3,108.14,106.13,29710000,7,2018,0.28794352591492434,Slight or No change
318,2018-07-20,106.27,108.08,108.2,106.08,56040000,7,2018,-1.5745114383625136,Negative
319,2018-07-19,104.4,104.93,105.31,103.89,40170000,7,2018,-1.759668768231848,Negative
320,2018-07-18,105.12,105.94,106.05,104.72,29490000,7,2018,0.6896551724137945,Slight positive
321,2018-07-17,105.95,104.61,106.5,104.32,25900000,7,2018,0.7895738203957281,Slight positive
322,2018-07-16,104.91,105.4,105.82,104.52,21790000,7,2018,-0.9815950920245453,Slight negative
323,2018-07-13,105.43,104.37,105.6,104.09,24650000,7,2018,0.4956629491945641,Slight or No change
324,2018-07-12,104.19,102.77,104.41,102.73,24340000,7,2018,-1.1761358247178277,Negative
325,2018-07-11,101.98,101.15,102.34,101.1,19640000,7,2018,-2.121124868029556,Negative
326,2018-07-10,102.12,102.0,102.51,101.86,19290000,7,2018,0.13728181996470745,Slight or No change
327,2018-07-09,101.85,101.65,102.25,101.25,18210000,7,2018,-0.2643948296122356,Slight or No change
328,2018-07-06,101.16,99.89,101.43,99.67,19230000,7,2018,-0.6774668630338709,Slight negative
329,2018-07-05,99.76,99.5,99.92,99.03,18980000,7,2018,-1.383946223803867,Negative
330,2018-07-03,99.05,100.48,100.63,98.94,14670000,7,2018,-0.7117080994386571,Slight negative
331,2018-07-02,100.01,98.1,100.06,98.0,19560000,7,2018,0.9692074709742649,Slight positive
332,2018-06-29,98.61,98.93,99.91,98.33,28050000,6,2018,-1.3998600139986106,Negative
333,2018-06-28,98.63,97.38,99.11,97.26,26650000,6,2018,0.020281918669495802,Slight or No change
334,2018-06-27,97.54,99.58,100.02,97.4,31300000,6,2018,-1.105140423806128,Negative
335,2018-06-26,99.08,98.82,100.08,98.75,26900000,6,2018,1.5788394504818504,Positive
336,2018-06-25,98.39,100.0,100.11,97.3,35430000,6,2018,-0.6964069438837317,Slight negative
337,2018-06-22,100.41,100.41,100.77,99.62,38920000,6,2018,2.053054172171964,Positive
338,2018-06-21,101.14,102.08,102.46,100.88,23200000,6,2018,0.7270192211931148,Slight positive
339,2018-06-20,101.87,101.37,102.52,101.12,26180000,6,2018,0.7217718014633112,Slight positive
340,2018-06-19,100.86,99.65,101.0,99.5,28650000,6,2018,-0.99145970354374,Slight negative
341,2018-06-18,100.86,100.01,101.11,99.42,23590000,6,2018,0.0,Slight or No change
342,2018-06-15,100.13,101.51,101.53,100.07,65739999,6,2018,-0.723775530438231,Slight negative
343,2018-06-14,101.42,101.65,102.03,101.0,25690000,6,2018,1.2883251772695559,Positive
344,2018-06-13,100.85,101.72,102.01,100.56,29490000,6,2018,-0.5620193255768124,Slight negative
345,2018-06-12,101.31,101.1,101.45,100.75,18330000,6,2018,0.45612295488350885,Slight or No change
346,2018-06-11,101.05,101.37,101.59,100.67,23490000,6,2018,-0.25663804165433346,Slight or No change
347,2018-06-08,101.63,101.09,101.95,100.54,22170000,6,2018,0.5739732805541742,Slight positive
348,2018-06-07,100.88,102.65,102.69,100.38,28230000,6,2018,-0.7379710715339938,Slight negative
349,2018-06-06,102.49,102.48,102.6,101.9,21120000,6,2018,1.595955590800946,Positive
350,2018-06-05,102.19,102.0,102.33,101.53,23510000,6,2018,-0.2927114840472256,Slight or No change
351,2018-06-04,101.67,101.26,101.86,100.85,27280000,6,2018,-0.5088560524513119,Slight negative
352,2018-06-01,100.79,99.28,100.86,99.17,28660000,6,2018,-0.8655453919543588,Slight negative
353,2018-05-31,98.84,99.29,99.99,98.61,34140000,5,2018,-1.934715745609683,Negative
354,2018-05-30,98.95,98.31,99.25,97.91,22160000,5,2018,0.11129097531363819,Slight or No change
355,2018-05-29,98.01,97.84,98.88,97.23,28670000,5,2018,-0.9499747347144982,Slight negative
356,2018-05-25,98.36,98.3,98.98,97.86,18360000,5,2018,0.35710641771247165,Slight or No change
357,2018-05-24,98.31,98.72,98.94,96.81,26650000,5,2018,-0.05083367222448176,Slight or No change
358,2018-05-23,98.66,96.71,98.73,96.32,21250000,5,2018,0.3560166819245092,Slight or No change
359,2018-05-22,97.5,97.68,98.17,97.2,15440000,5,2018,-1.1757551185890946,Negative
360,2018-05-21,97.6,97.0,98.01,96.8,19420000,5,2018,0.10256410256410664,Slight or No change
361,2018-05-18,96.36,96.01,96.93,96.01,17870000,5,2018,-1.2704918032786838,Negative
362,2018-05-17,96.18,96.76,97.54,95.83,17250000,5,2018,-0.18679950186798466,Slight or No change
363,2018-05-16,97.15,97.36,97.4,96.61,17380000,5,2018,1.0085256810147714,Positive
364,2018-05-15,97.32,97.24,97.85,96.34,24590000,5,2018,0.1749871332989983,Slight or No change
365,2018-05-14,98.03,97.92,98.69,97.31,19450000,5,2018,0.7295519934237715,Slight positive
366,2018-05-11,97.7,97.8,97.87,97.04,16780000,5,2018,-0.33663164337447427,Slight or No change
367,2018-05-10,97.91,97.46,97.95,97.05,22390000,5,2018,0.2149437052200609,Slight or No change
368,2018-05-09,96.94,96.01,96.97,95.05,27330000,5,2018,-0.9907057501787331,Slight negative
369,2018-05-08,95.81,95.85,96.16,95.06,23480000,5,2018,-1.165669486280163,Negative
370,2018-05-07,96.22,95.17,96.71,95.1,24240000,5,2018,0.427930278676536,Slight or No change
371,2018-05-04,95.16,93.32,95.37,92.92,22530000,5,2018,-1.1016420702556706,Negative
372,2018-05-03,94.07,92.96,94.92,92.45,31140000,5,2018,-1.1454392601933594,Negative
373,2018-05-02,93.51,94.99,95.17,93.19,27470000,5,2018,-0.5953013713192123,Slight negative
374,2018-05-01,95.0,93.21,95.29,92.79,31410000,5,2018,1.593412469254618,Positive
375,2018-04-30,93.52,96.33,96.4,93.15,41520000,4,2018,-1.5578947368421137,Negative
376,2018-04-27,95.82,97.6,97.9,93.91,48270000,4,2018,2.4593669803250506,Positive
377,2018-04-26,94.26,93.55,95.15,93.1,42530000,4,2018,-1.6280525986224093,Negative
378,2018-04-25,92.31,93.3,93.3,90.28,33730000,4,2018,-2.068746021642265,Negative
379,2018-04-24,93.12,96.24,96.47,92.41,34520000,4,2018,0.8774780630484313,Slight positive
380,2018-04-23,95.35,95.74,96.29,94.63,22330000,4,2018,2.3947594501718017,Positive
381,2018-04-20,95.0,95.91,96.11,94.05,31150000,4,2018,-0.3670686942842116,Slight or No change
382,2018-04-19,96.11,96.44,97.07,95.34,23550000,4,2018,1.1684210526315741,Positive
383,2018-04-18,96.44,96.22,96.72,95.52,21040000,4,2018,0.3433565705961872,Slight or No change
384,2018-04-17,96.07,95.0,96.54,94.88,26770000,4,2018,-0.38365823309830516,Slight or No change
385,2018-04-16,94.17,94.07,94.66,93.42,20290000,4,2018,-1.9777245758301198,Negative
386,2018-04-13,93.08,94.05,94.18,92.44,23350000,4,2018,-1.157481151109696,Negative
387,2018-04-12,93.58,92.43,94.16,92.43,26760000,4,2018,0.5371723248818183,Slight positive
388,2018-04-11,91.86,92.01,93.29,91.48,24870000,4,2018,-1.8379995725582354,Negative
389,2018-04-10,92.88,92.39,93.28,91.64,26940000,4,2018,1.1103853690398457,Positive
390,2018-04-09,90.77,91.04,93.17,90.62,31530000,4,2018,-2.271748492678727,Negative
391,2018-04-06,90.23,91.49,92.46,89.48,38030000,4,2018,-0.5949102126253103,Slight negative
392,2018-04-05,92.38,92.44,93.06,91.4,29770000,4,2018,2.382799512357292,Positive
393,2018-04-04,92.33,87.85,92.76,87.73,35560000,4,2018,-0.05412426932236425,Slight or No change
394,2018-04-03,89.71,89.58,90.05,87.89,37210000,4,2018,-2.837647568504287,Negative
395,2018-04-02,88.52,90.47,90.88,87.51,48520000,4,2018,-1.3264964886857578,Negative
396,2018-03-29,91.27,90.18,92.29,88.4,45870000,3,2018,3.1066425666516073,Among top gainers
397,2018-03-28,89.39,89.82,91.23,88.87,52500000,3,2018,-2.0598225046565055,Negative
398,2018-03-27,89.47,94.94,95.14,88.51,56570000,3,2018,0.08949546929186702,Slight or No change
399,2018-03-26,93.78,90.61,94.0,90.4,56400000,3,2018,4.817257181178047,Among top gainers
400,2018-03-23,87.18,89.5,90.46,87.08,44070000,3,2018,-7.037747920665383,Bear drop
401,2018-03-22,89.79,91.27,91.75,89.66,38600000,3,2018,2.9938059187887056,Positive
402,2018-03-21,92.48,92.93,94.05,92.21,24460000,3,2018,2.995879273861224,Positive
403,2018-03-20,93.13,93.05,93.77,93.0,23080000,3,2018,0.7028546712802619,Slight positive
404,2018-03-19,92.89,93.74,93.9,92.11,33340000,3,2018,-0.2577042843337263,Slight or No change
405,2018-03-16,94.6,94.68,95.38,93.92,49080000,3,2018,1.8408870707288028,Positive
406,2018-03-15,94.18,93.53,94.58,92.83,27610000,3,2018,-0.4439746300211267,Slight or No change
407,2018-03-14,93.85,95.12,95.41,93.5,32130000,3,2018,-0.3503928647271337,Slight or No change
408,2018-03-13,94.41,97.0,97.24,93.97,35390000,3,2018,0.5966968566861963,Slight positive
409,2018-03-12,96.77,96.5,97.21,96.04,26070000,3,2018,2.4997351975426296,Positive
410,2018-03-09,96.54,95.29,96.54,95.0,36940000,3,2018,-0.23767696600185406,Slight or No change
411,2018-03-08,94.43,94.27,95.1,93.77,25890000,3,2018,-2.185622539879839,Negative
412,2018-03-07,93.86,93.16,93.94,92.43,26720000,3,2018,-0.6036217303822977,Slight negative
413,2018-03-06,93.32,94.34,94.49,92.94,22180000,3,2018,-0.5753249520562553,Slight negative
414,2018-03-05,93.64,92.34,94.27,92.26,23900000,3,2018,0.34290612944707366,Slight or No change
415,2018-03-02,93.05,91.58,93.15,90.86,32830000,3,2018,-0.6300726185390904,Slight negative
416,2018-03-01,92.85,93.99,94.57,91.84,37140000,3,2018,-0.21493820526599094,Slight or No change
417,2018-02-28,93.77,94.84,95.7,93.63,31170000,2,2018,0.9908454496499797,Slight positive
418,2018-02-27,94.2,95.74,95.84,94.2,25870000,2,2018,0.458568838647766,Slight or No change
419,2018-02-26,95.42,94.4,95.45,94.25,30200000,2,2018,1.2951167728237678,Positive
420,2018-02-23,94.06,92.75,94.07,92.36,26330000,2,2018,-1.425277719555651,Negative
421,2018-02-22,91.73,92.05,92.73,91.36,24390000,2,2018,-2.477142249627895,Negative
422,2018-02-21,91.49,92.98,93.36,91.49,26920000,2,2018,-0.2616374141502287,Slight or No change
423,2018-02-20,92.72,91.47,93.06,91.01,30910000,2,2018,1.3444092250519235,Positive
424,2018-02-16,92.0,92.45,93.5,91.8,30600000,2,2018,-0.7765314926660882,Slight negative
425,2018-02-15,92.66,91.21,92.72,90.62,27820000,2,2018,0.7173913043478253,Slight positive
426,2018-02-14,90.81,88.51,90.99,88.41,34960000,2,2018,-1.9965465141376981,Negative
427,2018-02-13,89.83,88.93,90.0,87.8,26410000,2,2018,-1.0791763021693712,Negative
428,2018-02-12,89.13,88.73,89.78,87.93,35720000,2,2018,-0.7792496938661908,Slight negative
429,2018-02-09,88.18,86.3,88.93,83.83,63500000,2,2018,-1.0658588578480788,Negative
430,2018-02-08,85.01,89.71,89.88,84.76,55630000,2,2018,-3.5949194828759357,Among top losers
431,2018-02-07,89.61,90.49,91.77,89.2,41110000,2,2018,5.411128102576157,Among top gainers
432,2018-02-06,91.33,86.89,91.47,85.25,68000000,2,2018,1.9194286351969625,Positive
433,2018-02-05,88.0,90.56,93.24,88.0,51030000,2,2018,-3.6461184714770556,Among top losers
434,2018-02-02,91.78,93.64,93.97,91.5,47870000,2,2018,4.295454545454547,Among top gainers
435,2018-02-01,94.26,94.79,96.07,93.58,47230000,2,2018,2.7021137502724057,Positive
436,2018-01-31,95.01,93.75,95.4,93.51,48760000,1,2018,0.7956715467854814,Slight positive
437,2018-01-30,92.74,93.3,93.66,92.1,38640000,1,2018,-2.389222187138207,Negative
438,2018-01-29,93.92,95.14,95.45,93.72,31570000,1,2018,1.2723743799870624,Positive
439,2018-01-26,94.06,93.12,94.06,92.58,29170000,1,2018,0.1490630323679687,Slight or No change
440,2018-01-25,92.33,92.47,93.24,91.93,26380000,1,2018,-1.83925154156922,Negative
441,2018-01-24,91.82,92.55,93.43,91.58,33280000,1,2018,-0.5523665114264054,Slight negative
442,2018-01-23,91.9,91.9,92.3,91.54,23410000,1,2018,0.08712698758441828,Slight or No change
443,2018-01-22,91.61,90.0,91.62,89.74,23600000,1,2018,-0.31556039173015193,Slight or No change
444,2018-01-19,90.0,90.14,90.61,89.66,36880000,1,2018,-1.7574500600371135,Negative
445,2018-01-18,90.1,89.8,90.67,89.66,24160000,1,2018,0.11111111111110628,Slight or No change
446,2018-01-17,90.14,89.08,90.28,88.75,25620000,1,2018,0.04439511653717698,Slight or No change
447,2018-01-16,88.35,90.1,90.79,88.01,36600000,1,2018,-1.9857998668737609,Negative
448,2018-01-12,89.6,88.67,89.78,88.45,24270000,1,2018,1.4148273910582931,Positive
449,2018-01-11,88.08,88.13,88.13,87.24,17810000,1,2018,-1.6964285714285654,Negative
450,2018-01-10,87.82,87.86,88.19,87.41,18650000,1,2018,-0.29518619436875726,Slight or No change
451,2018-01-09,88.22,88.65,88.73,87.86,19480000,1,2018,0.45547711227511556,Slight or No change
452,2018-01-08,88.28,88.2,88.58,87.6,22110000,1,2018,0.06801178871005398,Slight or No change
453,2018-01-05,88.19,87.66,88.41,87.43,23410000,1,2018,-0.10194834617127668,Slight or No change
454,2018-01-04,87.11,86.59,87.66,86.57,21910000,1,2018,-1.2246286427032516,Negative
455,2018-01-03,86.35,86.06,86.51,85.97,26060000,1,2018,-0.8724601079095451,Slight negative
456,2018-01-02,85.95,86.12,86.31,85.5,22480000,1,2018,-0.463231036479439,Slight or No change
457,2017-12-29,85.54,85.63,86.05,85.5,18720000,12,2017,-0.47702152414194066,Slight or No change
458,2017-12-28,85.72,85.9,85.93,85.55,10590000,12,2017,0.21042787000233876,Slight or No change
459,2017-12-27,85.71,85.65,85.98,85.22,14680000,12,2017,-0.011665888940748381,Slight or No change
460,2017-12-26,85.4,85.31,85.53,85.03,9890000,12,2017,-0.36168475090420094,Slight or No change
461,2017-12-22,85.51,85.4,85.63,84.92,14150000,12,2017,0.1288056206089072,Slight or No change
462,2017-12-21,85.5,86.05,86.1,85.4,17990000,12,2017,-0.011694538650453001,Slight or No change
463,2017-12-20,85.52,86.2,86.3,84.71,23670000,12,2017,0.02339181286550307,Slight or No change
464,2017-12-19,85.83,86.35,86.35,85.27,23520000,12,2017,0.36248830682881206,Slight or No change
465,2017-12-18,86.38,87.12,87.5,86.23,22280000,12,2017,0.6408015845275505,Slight positive
466,2017-12-15,86.85,85.26,87.09,84.88,53940000,12,2017,0.5441074322759976,Slight positive
467,2017-12-14,84.69,85.43,85.87,84.53,19310000,12,2017,-2.4870466321243456,Negative
468,2017-12-13,85.35,85.74,86.0,85.17,22060000,12,2017,0.7793127878143791,Slight positive
469,2017-12-12,85.58,85.31,86.05,85.08,23920000,12,2017,0.2694786174575414,Slight or No change
470,2017-12-11,85.23,84.29,85.37,84.12,22860000,12,2017,-0.4089740593596569,Slight or No change
471,2017-12-08,84.16,83.63,84.58,83.33,24490000,12,2017,-1.2554264930188963,Negative
472,2017-12-07,82.49,82.54,82.8,82.0,23180000,12,2017,-1.9843155893536135,Negative
473,2017-12-06,82.78,81.55,83.14,81.43,26160000,12,2017,0.35155776457753696,Slight or No change
474,2017-12-05,81.59,81.34,82.68,80.98,26150000,12,2017,-1.4375453007972938,Negative
475,2017-12-04,81.08,84.42,84.43,80.7,39090000,12,2017,-0.6250766025248211,Slight negative
476,2017-12-01,84.26,83.6,84.81,83.22,29530000,12,2017,3.922052294030598,Among top gainers
477,2017-11-30,84.17,83.51,84.52,83.34,33049999,11,2017,-0.106812247804422,Slight or No change
478,2017-11-29,83.34,84.71,84.92,83.17,27380000,11,2017,-0.9860995604134448,Slight negative
479,2017-11-28,84.88,84.07,85.06,84.02,21930000,11,2017,1.8478521718262364,Positive
480,2017-11-27,83.87,83.31,83.98,83.3,18270000,11,2017,-1.1899151743637981,Negative
481,2017-11-24,83.26,83.01,83.43,82.78,7430000,11,2017,-0.7273160844163629,Slight negative
482,2017-11-22,83.11,83.83,83.9,83.04,20550000,11,2017,-0.18015853951478533,Slight or No change
483,2017-11-21,83.72,82.74,83.84,82.74,21240000,11,2017,0.733967031644811,Slight positive
484,2017-11-20,82.53,82.4,82.59,82.25,16309999,11,2017,-1.421404682274241,Negative
485,2017-11-17,82.4,83.12,83.12,82.24,22080000,11,2017,-0.15751847812915942,Slight or No change
486,2017-11-16,83.2,83.1,83.42,82.94,20960000,11,2017,0.9708737864077666,Slight positive
487,2017-11-15,82.98,83.47,83.69,82.69,19380000,11,2017,-0.26442307692307043,Slight or No change
488,2017-11-14,84.05,83.5,84.1,82.98,18800000,11,2017,1.289467341528061,Positive
489,2017-11-13,83.93,83.66,83.94,83.46,14200000,11,2017,-0.14277215942889443,Slight or No change
490,2017-11-10,83.87,83.79,84.09,83.23,19400000,11,2017,-0.07148814488264765,Slight or No change
491,2017-11-09,84.09,84.11,84.27,82.9,21180000,11,2017,0.26231071896982705,Slight or No change
492,2017-11-08,84.56,84.14,84.61,83.83,18030000,11,2017,0.5589249613509262,Slight positive
493,2017-11-07,84.27,84.77,84.9,83.93,17940000,11,2017,-0.3429517502365309,Slight or No change
494,2017-11-06,84.47,84.2,84.7,84.08,19860000,11,2017,0.23733238400380774,Slight or No change
495,2017-11-03,84.14,84.08,84.54,83.4,17630000,11,2017,-0.390671244228713,Slight or No change
496,2017-11-02,84.05,83.35,84.46,83.12,23990000,11,2017,-0.1069645828381316,Slight or No change
497,2017-11-01,83.18,83.68,83.76,82.88,22310000,11,2017,-1.0350981558595929,Negative
498,2017-10-31,83.18,84.36,84.36,83.11,27090000,10,2017,0.0,Slight or No change
499,2017-10-30,83.89,83.7,84.33,83.11,31760000,10,2017,0.8535705698485163,Slight positive
500,2017-10-27,83.81,84.37,86.2,83.61,71070000,10,2017,-0.09536297532483085,Slight or No change
501,2017-10-26,78.76,79.2,79.42,78.75,32119999,10,2017,-6.025533945829853,Among top losers
502,2017-10-25,78.63,78.58,79.1,78.01,20410000,10,2017,-0.16505840528188154,Slight or No change
